"type","category","title","slug","url","metaTitle","metaDescription","content"
"service","Тексты для сайта","SEO-тексты на заказ — выводим страницы в ТОП Яндекса и Google","seo-teksty","https://alex1986-rgb.github.io/textlab-landing/services/seo-teksty.html","SEO-тексты на заказ — цена от 350 ₽ за 1000 знаков | ТекстЛаб","Заказать SEO-текст для сайта: проработка семантики, структура под поисковые интенты, уникальность 95–100%. Тексты, которые выводят страницы в ТОП и приводят трафик.","Пишем тексты, которые любят и поисковики, и читатели: с проработанной семантикой, чёткой структурой и пользой, ради которой человек остаётся на странице. SEO-текст — это не «вода с ключами», а ответ на конкретный запрос пользователя. Мы начинаем с разбора семантического ядра и поисковых интентов: что человек хочет найти, когда вводит запрос, и какой ответ ждёт. Под это проектируем структуру — заголовки, подзаголовки, списки, таблицы — чтобы поисковик легко разобрал страницу, а читатель быстро нашёл нужное. Каждый текст проходит проверку на уникальность (Text.ru, Адвего), переспам и водность, а также вычитку редактором. На выходе вы получаете материал, который ранжируется по целевым запросам, удерживает внимание и ведёт к целевому действию — заявке, звонку или покупке. Что входит: Анализ семантического ядра и кластеризация запросов; Проработка структуры под поисковый интент (H1–H3, списки, таблицы); LSI-фразы и естественное вхождение ключей без переспама; Мета-теги Title и Description под каждую страницу; Проверка уникальности и отчёт (Text.ru / Адвего); Перелинковка и рекомендации по оформлению Кому подходит: Коммерческие сайты и интернет-магазины; Блоги и информационные порталы; Сайты услуг и landing-кластеры; Компании, которые продвигаются в органике"
"service","Продающие тексты","Тексты для продающего лендинга — структура, прототип и копирайтинг","prodayushchie-lendingi","https://alex1986-rgb.github.io/textlab-landing/services/prodayushchie-lendingi.html","Текст для лендинга на заказ — от 12 000 ₽ | Копирайтинг ТекстЛаб","Заказать продающий текст для лендинга: офер, структура по методологии, проработка возражений и призывов. Лендинги с конверсией до 9–12%.","Лендинг — это путь от первого экрана до кнопки «оставить заявку». Мы выстраиваем этот путь так, чтобы на каждом шаге у человека оставалось всё меньше причин закрыть вкладку. Сильный лендинг начинается не с текста, а с маркетингового анализа: кто ваш клиент, на каком этапе принятия решения он находится, какие у него боли и возражения. На основе этого мы формулируем оффер — конкретное обещание ценности, которое отличает вас от конкурентов, — и проектируем структуру экранов: заголовок, выгоды, доказательства, отработка возражений, призыв к действию. Дальше — копирайтинг по каждому блоку и прототип в виде структуры с пояснениями для дизайнера. Текст пишется под одну целевую конверсию: заявку, заказ, регистрацию. Результат — посадочная страница, которую не нужно «дописывать после дизайна»: она уже продаёт. Что входит: Бриф и маркетинговый анализ ниши, ЦА и конкурентов; Формулировка оффера и УТП; Структура (прототип) экранов с логикой повествования; Тексты всех блоков: заголовки, выгоды, FAQ, призывы; Отработка ключевых возражений и триггеров доверия; Рекомендации по визуалу и расстановке CTA Кому подходит: Запуск нового продукта или услуги; Реклама в Директ / VK Ads с посадочной; Эксперты, онлайн-школы, инфобизнес; B2B-компании с длинным циклом сделки"
"service","Контент-маркетинг","Статьи для блога на заказ — экспертный контент, который приводит трафик","stati-dlya-bloga","https://alex1986-rgb.github.io/textlab-landing/services/stati-dlya-bloga.html","Написание статей для блога — цена от 2 500 ₽ | ТекстЛаб","Заказать статью для блога компании: экспертные материалы, инфостатьи под SEO, гайды и обзоры. Контент, который привлекает трафик и закрывает возражения клиентов.","Блог — это актив, который работает годами: одна хорошая статья приводит читателей из поиска месяц за месяцем и прогревает их к покупке. Мы пишем статьи, которые решают задачу читателя и одновременно работают на бизнес. Перед текстом — разбор темы, поисковых запросов и вопросов аудитории. Внутри — понятная структура, примеры, факты и экспертные детали, а не общие слова. Такой материал дочитывают, сохраняют и рекомендуют. Каждая статья оптимизирована под SEO: заголовки, ключевые фразы, мета-теги, перелинковка. Мы можем вести блог системно — с контент-планом и регулярным выпуском — или писать отдельные материалы под конкретные запросы и инфоповоды. Что входит: Подбор темы и анализ поисковых запросов; Структура статьи и фактура (исследование темы); Экспертный текст с примерами и данными; SEO-оптимизация: ключи, мета-теги, подзаголовки; Подбор иллюстраций и оформление; Контент-план при системном ведении блога Кому подходит: Корпоративные блоги и медиа; Онлайн-школы и эксперты; SaaS и IT-продукты; Интернет-магазины с экспертным контентом"
"service","Email-маркетинг","Тексты для email-рассылок — цепочки писем, прогревы и дайджесты","email-rassylki","https://alex1986-rgb.github.io/textlab-landing/services/email-rassylki.html","Тексты для email-рассылок на заказ — от 1 800 ₽ за письмо | ТекстЛаб","Заказать тексты для email-рассылки: welcome-цепочки, прогревы, продающие письма и дайджесты с высоким open rate. Письма, которые открывают и по которым кликают.","Email — самый недооценённый канал продаж. Хорошая цепочка писем превращает подписчика в клиента без бюджета на рекламу. Мы пишем письма, которые открывают (сильная тема), читают (живой текст и польза) и по которым кликают (понятный призыв). Под задачу проектируем сценарий: welcome-серия для новых подписчиков, прогрев перед запуском, реактивация «спящих», регулярный дайджест или продающая цепочка. Каждое письмо встроено в общую логику воронки: что человек уже знает, что должен узнать сейчас и какое действие совершить. Мы учитываем сегмент аудитории, тон бренда и метрики прошлых рассылок, если они есть. Что входит: Сценарий цепочки и карта касаний; Темы писем с прогнозом на open rate; Тексты писем под сегмент и этап воронки; Призывы к действию и структура под клики; Рекомендации по времени и частоте отправки; A/B-варианты тем и первых строк Кому подходит: Онлайн-школы и запуски; Интернет-магазины и сервисы; B2B с длинным циклом сделки; Медиа и блоги с подпиской"
"service","SMM","Тексты для соцсетей — посты, контент-план и ведение SMM","smm-socseti","https://alex1986-rgb.github.io/textlab-landing/services/smm-socseti.html","Тексты для соцсетей на заказ — ведение SMM от 9 000 ₽/мес | ТекстЛаб","Заказать тексты для соцсетей: контент-план, продающие и вовлекающие посты для VK, Telegram, Дзен. Системный SMM-контент, который собирает охваты и заявки.","Соцсети прощают всё, кроме скуки. Мы пишем посты, которые останавливают пролистывание и превращают подписчиков в клиентов. Контент в соцсетях работает только системно. Мы строим контент-план на основе целей бизнеса и интересов аудитории: продающие, экспертные, вовлекающие и репутационные посты в нужной пропорции. Каждый пост — с цепляющим первым предложением, понятной структурой и призывом. Пишем под площадку и её формат: длинные экспертные посты для Telegram и Дзена, ёмкие для VK, тексты-подводки под Reels и сторис. Соблюдаем единый tone of voice, чтобы лента выглядела как цельный бренд, а не набор случайных публикаций. Что входит: Контент-план на месяц под цели бизнеса; Продающие, экспертные и вовлекающие посты; Адаптация под площадку (VK, Telegram, Дзен); Цепляющие заголовки-крючки и призывы; Рубрикатор и единый tone of voice; Тексты-подводки под сторис и Reels Кому подходит: Личные бренды и эксперты; Малый и средний бизнес; Онлайн-школы; Локальный бизнес и услуги"
"service","E-commerce","Тексты для карточек маркетплейсов — Wildberries, Ozon, Яндекс Маркет","kartochki-marketpleysov","https://alex1986-rgb.github.io/textlab-landing/services/kartochki-marketpleysov.html","Карточки товаров для маркетплейсов на заказ — от 600 ₽ | ТекстЛаб","Заказать описание карточки для Wildberries, Ozon, Яндекс Маркет: SEO-заголовки, выгоды, ключи для внутреннего поиска. Карточки, которые поднимают конверсию и продажи.","На маркетплейсе у вас есть пара секунд, чтобы убедить. Мы пишем карточки, которые выходят в топ выдачи и превращают просмотр в заказ. Карточка на маркетплейсе решает две задачи: попасть в выдачу по запросам и убедить купить. Мы собираем ключевые фразы для внутреннего поиска (по аналитике WB/Ozon), встраиваем их в заголовок и описание естественно, без переспама, и раскрываем выгоды товара языком покупателя. Описываем не характеристики, а пользу: что человек получит, какую проблему решит, чем товар лучше аналогов. Структурируем текст под мобильный экран — короткие абзацы, буллеты, акценты. Готовим тексты для инфографики, чтобы карточка продавала даже без чтения описания. Что входит: Сбор ключевых запросов для внутреннего поиска; SEO-заголовок и продающее описание; Раскрытие выгод языком покупателя; Тексты для инфографики и буллеты; Отстройка от конкурентов в нише; Рекомендации по структуре и характеристикам Кому подходит: Продавцы на Wildberries и Ozon; Бренды на Яндекс Маркете; Производители и дистрибьюторы; Селлеры, выходящие на новый маркетплейс"
"service","Видео-контент","Сценарии для видео и Reels — от хука до призыва за 30 секунд","scenarii-video","https://alex1986-rgb.github.io/textlab-landing/services/scenarii-video.html","Сценарии для Reels, Shorts и роликов на заказ — от 2 000 ₽ | ТекстЛаб","Заказать сценарий для Reels, YouTube Shorts, рекламного ролика: цепляющий хук, динамичная структура, призыв. Сценарии, которые удерживают до конца и набирают охваты.","Первые 3 секунды решают всё. Мы пишем сценарии, которые удерживают зрителя до финального кадра и ведут к действию. Короткое видео — это драматургия в сжатом виде. Мы начинаем с хука: фразы или кадра, который заставляет не пролистывать. Дальше — динамичная структура без провисаний, где каждая секунда добавляет ценность или интригу, и финал с понятным призывом: подписаться, перейти, купить. Пишем сценарии с раскадровкой и репликами: что в кадре, что за кадром, какой текст на экране. Учитываем формат площадки — Reels, Shorts, TikTok, YouTube — и цель: охваты, прогрев или продажа. Получаете готовый документ, по которому можно снимать сразу. Что входит: Цепляющий хук на первые 3 секунды; Сценарий с раскадровкой и репликами; Тексты на экран и закадровый голос; Структура под удержание до конца; Призыв к действию под цель ролика; Идеи серий и рубрик для регулярного контента Кому подходит: Эксперты и блогеры; Бренды и онлайн-школы; Локальный бизнес; Продуктовые и рекламные ролики"
"service","Брендинг","Нейминг и слоганы — имя бренда и фразы, которые запоминают","neyming-slogany","https://alex1986-rgb.github.io/textlab-landing/services/neyming-slogany.html","Нейминг и слоганы на заказ — разработка названия от 8 000 ₽ | ТекстЛаб","Заказать нейминг бренда и слоган: генерация вариантов, проверка на уникальность и благозвучие, смысловое обоснование. Имя и слоган, которые работают на бизнес.","Хорошее имя экономит миллионы на рекламе. Мы придумываем названия и слоганы, которые легко произносятся, запоминаются и работают на смысл бренда. Нейминг — это не «придумать красивое слово», а решить бизнес-задачу. Мы изучаем продукт, аудиторию, конкурентов и позиционирование, формулируем критерии (благозвучие, уникальность, ассоциации, свободный домен и товарный знак) и генерируем десятки вариантов, из которых отбираем сильнейшие. К каждому финальному варианту — смысловое обоснование: почему это имя работает, какие ассоциации вызывает, как звучит и читается. Проверяем на уникальность, занятость доменов и очевидные нежелательные коннотации. Слоган разрабатываем по той же логике — коротко, точно, в характере бренда. Что входит: Бриф и анализ позиционирования; Критерии нейминга под задачу; Генерация и отбор вариантов названий; Смысловое обоснование финалистов; Проверка благозвучия и коннотаций; Разработка слогана и дескриптора Кому подходит: Стартапы и новые продукты; Ребрендинг существующих компаний; Линейки товаров и услуг; Личные бренды"
"service","Performance","Рекламные тексты — объявления для Яндекс Директ, VK Ads и таргета","reklamnye-teksty","https://alex1986-rgb.github.io/textlab-landing/services/reklamnye-teksty.html","Рекламные тексты на заказ — объявления для Директа и таргета от 1 200 ₽ | ТекстЛаб","Заказать рекламные тексты: объявления для Яндекс Директ, VK Ads, таргета. Цепляющие заголовки, A/B-варианты, проработка офера. Тексты, которые снижают цену клика и заявки.","В рекламе побеждает не тот, кто громче, а тот, кто точнее попал в боль. Мы пишем объявления, которые цепляют нужную аудиторию и снижают стоимость заявки. Рекламный текст работает в связке с оффером и аудиторией. Мы формулируем сообщение под сегмент и этап воронки: холодному — зацепить и заинтересовать, тёплому — снять возражение, горячему — подтолкнуть к действию. Готовим несколько вариантов заголовков и текстов для A/B-тестов. Каждое объявление — это конкретная выгода, а не общие слова «качественно и недорого». Учитываем требования площадок (Директ, VK Ads, Telegram Ads, таргет) по длине и формату и пишем так, чтобы текст и посадочная страница говорили на одном языке. Что входит: Анализ аудитории и сегментов; Офер и ключевое сообщение; Заголовки и тексты объявлений; A/B-варианты для тестирования; Адаптация под форматы площадок; Связка объявления с посадочной страницей Кому подходит: Бизнес с платным трафиком; Агентства и таргетологи; Запуски и акции; Локальные услуги"
"service","Тексты для сайта","Тексты о компании — «О нас», услуги, миссия и презентации","teksty-o-kompanii","https://alex1986-rgb.github.io/textlab-landing/services/teksty-o-kompanii.html","Тексты о компании на заказ — страница «О нас» от 3 500 ₽ | ТекстЛаб","Заказать текст о компании: страница «О нас», описание услуг, миссия, ценности, коммерческие предложения. Тексты, которые формируют доверие и голос бренда.","Страница «О нас» — одна из самых посещаемых на сайте. Мы превращаем формальную отписку в текст, который вызывает доверие и желание работать именно с вами. Тексты о компании — это про доверие. Мы уходим от штампов «молодая динамично развивающаяся компания» и рассказываем о вас через факты, ценности и пользу для клиента: чем вы отличаетесь, как работаете, кому уже помогли. Так формируется голос бренда, узнаваемый на всех страницах. Пишем страницы «О нас» и «Услуги», миссию и ценности, тексты для презентаций и коммерческих предложений. Каждый текст работает на конкретную цель — снять недоверие, объяснить ценность, подтолкнуть к контакту — и встроен в единый tone of voice. Что входит: Интервью или бриф для сбора фактуры; Формулировка позиционирования и ценностей; Текст страницы «О нас» / «Услуги»; Миссия, принципы, преимущества; Единый tone of voice бренда; Тексты для презентаций и КП по запросу Кому подходит: Сайты компаний и услуг; B2B и производство; Эксперты и агентства; Ребрендинг и обновление сайта"
"service","PR","Пресс-релизы и PR-тексты — материалы для СМИ и публикаций","press-relizy","https://alex1986-rgb.github.io/textlab-landing/services/press-relizy.html","Пресс-релизы на заказ — написание PR-текстов от 4 000 ₽ | ТекстЛаб","Заказать пресс-релиз и PR-текст: новости компании, материалы для СМИ, нативные статьи под публикацию. Тексты, которые публикуют редакции и которые работают на охваты.","Редакции получают сотни релизов в день и публикуют единицы. Мы пишем так, чтобы ваш инфоповод заметили и опубликовали. Пресс-релиз — это новость, а не реклама. Мы находим в вашем инфоповоде то, что действительно интересно редакции и её читателям, и упаковываем по стандартам жанра: сильный заголовок, суть в первом абзаце, факты, цитата спикера, бэкграунд компании. Такой релиз проще опубликовать без переделки. Помимо релизов пишем нативные статьи, экспертные колонки и материалы для медиа. Помогаем сформулировать инфоповод, если кажется, что «писать не о чем» — почти всегда есть, о чём рассказать так, чтобы это было ценно аудитории. Что входит: Поиск и упаковка инфоповода; Пресс-релиз по стандартам жанра; Заголовок и лид, которые цепляют редакцию; Цитаты спикеров и фактура; Нативные статьи и экспертные колонки; Рекомендации по рассылке в СМИ Кому подходит: Компании с инфоповодами; Стартапы и запуски; Эксперты и спикеры; Агентства и пресс-службы"
"service","Тексты для сайта","Рерайт и редактура текстов — переработка, вычитка, единый стиль","rerayt-redaktura","https://alex1986-rgb.github.io/textlab-landing/services/rerayt-redaktura.html","Рерайт и редактура текстов на заказ — от 200 ₽ за 1000 знаков | ТекстЛаб","Заказать рерайт и редактуру: переработка текстов, повышение уникальности, вычитка, приведение к единому tone of voice. Чистые, грамотные и читаемые тексты.","Иногда текст не нужно писать с нуля — его нужно довести до ума. Мы перерабатываем, чистим и причёсываем тексты так, чтобы их было приятно читать. Рерайт — это переработка существующего текста: повышение уникальности, упрощение тяжёлых конструкций, усиление смысла без потери сути. Редактура — вычитка на грамотность, логику и стиль, устранение «воды», штампов и канцелярита. Часто эти задачи идут вместе. Мы приводим разрозненные тексты к единому tone of voice, чтобы сайт, блог и соцсети звучали как один бренд. Подходит, когда есть готовые материалы среднего качества, тексты от прошлых подрядчиков или экспертные черновики, которые нужно довести до публикации. Что входит: Рерайт с повышением уникальности; Редактура: грамотность, логика, стиль; Чистка от воды, штампов и канцелярита; Приведение к единому tone of voice; Проверка фактов и формулировок; Финальная вычитка перед публикацией Кому подходит: Тексты от прошлых подрядчиков; Экспертные черновики; Сайты с разнородным контентом; Книги, статьи, документы"
"article","SEO","Как написать SEO-текст, который попадёт в ТОП в 2026 году","kak-napisat-seo-tekst","https://alex1986-rgb.github.io/textlab-landing/blog/kak-napisat-seo-tekst.html","Как написать SEO-текст в ТОП — пошаговая инструкция 2026 | ТекстЛаб","Пошаговый разбор: как написать SEO-текст, который ранжируется и приводит трафик. Семантика, структура, интенты, оптимизация без переспама.","SEO-текст в 2026 году — это не текст «с ключами», а лучший ответ на запрос пользователя. Разбираем по шагам, как его написать. Начните с интента, а не с ключей. Поисковики давно научились понимать смысл, а не считать вхождения. Прежде чем писать, ответьте на вопрос: что человек хочет получить, вводя этот запрос — купить, разобраться, сравнить? От этого зависит формат текста: продающая страница, инструкция или обзор. Совпадение с интентом — главный фактор ранжирования. Текст, который отвечает на вопрос полнее и удобнее конкурентов, выигрывает, даже если ключей в нём меньше. Постройте структуру под чтение и под робота. Разбейте материал на логичные блоки с заголовками H2–H3, добавьте списки и таблицы. Так и читатель быстрее находит нужное, и поисковик легче разбирает страницу. Первый абзац должен сразу давать суть — без долгого вступления. Один H1 с главным запросом; H2 под подтемы и связанные вопросы; Списки и таблицы для фактов и сравнений; Короткие абзацы по 2–4 строки Оптимизируйте, но не переспамьте. Вставляйте ключи и LSI-фразы естественно — там, где они уместны по смыслу. Пропишите Title и Description. Проверьте текст на переспам и водность: переоптимизация сегодня скорее вредит, чем помогает."
"article","SEO","Что такое семантическое ядро и как собрать его с нуля","semanticheskoe-yadro","https://alex1986-rgb.github.io/textlab-landing/blog/semanticheskoe-yadro.html","Семантическое ядро: что это и как собрать — гайд | ТекстЛаб","Простыми словами о семантическом ядре: что это, зачем нужно и как собрать и кластеризовать запросы для сайта. Пошаговый разбор с инструментами.","Семантическое ядро — это карта запросов, по которым вас должны находить. Без неё SEO превращается в стрельбу вслепую. Зачем нужно семантическое ядро. Ядро показывает, что и как ищет ваша аудитория. На его основе строится структура сайта, планируются страницы и статьи. Без ядра вы рискуете писать о том, что никто не ищет, и упускать запросы, которые приносят клиентов. Как собрать запросы. Начните с базовых фраз вашей ниши и расширьте их с помощью инструментов: Яндекс Wordstat, подсказки поиска, сервисы вроде Key Collector. Соберите всё — от высокочастотных запросов до длинных «хвостов», которые часто конвертят лучше всего. Базовые маркерные запросы; Расширение через Wordstat и подсказки; Сбор частотностей; Чистка мусорных и нерелевантных фраз Кластеризация: группировка по смыслу. Разбейте запросы на группы, каждая из которых соответствует одной странице. Один кластер = одна посадочная. Это предотвращает каннибализацию, когда несколько ваших страниц конкурируют между собой за один запрос."
"article","SEO","LSI-фразы: что это такое и зачем они SEO-тексту","lsi-frazy","https://alex1986-rgb.github.io/textlab-landing/blog/lsi-frazy.html","LSI-фразы: что это и как использовать в тексте | ТекстЛаб","Что такое LSI-фразы простыми словами, чем отличаются от ключей и как они помогают тексту ранжироваться. Примеры и практические советы.","LSI-фразы — это слова и выражения, связанные с темой по смыслу. Они помогают поисковику понять, что текст действительно раскрывает запрос. Чем LSI отличается от ключей. Ключ — это сам запрос («купить кофемашину»). LSI-фразы — тематически связанные слова: «капучинатор», «давление помпы», «обслуживание», «зёрна». Их наличие показывает поисковику глубину и экспертность текста. Как находить LSI-фразы. Посмотрите блок «вместе с этим ищут», подсветку слов в сниппетах конкурентов, подсказки поиска. Соберите термины, которые естественно появляются при раскрытии темы — именно их и стоит вплести в текст. Как использовать без вреда. Главное правило — естественность. LSI-фразы должны появляться там, где они уместны по смыслу, а не быть навалены списком. Хорошо раскрытая тема почти всегда содержит нужные LSI сама собой."
"article","SEO","Как писать Title и Description, чтобы повысить кликабельность","meta-tegi","https://alex1986-rgb.github.io/textlab-landing/blog/meta-tegi.html","Как писать Title и Description — правила и примеры | ТекстЛаб","Гайд по мета-тегам Title и Description: длина, структура, вхождение ключей и приёмы, которые повышают CTR в поисковой выдаче.","Мета-теги — это ваша «вывеска» в поисковой выдаче. От них зависит, кликнут по вашему сайту или по соседнему. Title: главный заголовок для поиска. Title должен содержать основной запрос ближе к началу, быть в пределах ~60 символов и звучать как обещание ценности. Это не просто «ключ в ключ», а формулировка, по которой хочется кликнуть. Description: расширенное приглашение. Description не влияет на позиции напрямую, но влияет на CTR. В ~150–160 символах раскройте выгоду, добавьте конкретику (цены, сроки, гарантии) и мягкий призыв. Поисковик может показать его в сниппете. Частые ошибки. Одинаковые мета-теги на разных страницах, переспам ключами, обрезанный текст, отсутствие выгоды. Каждая страница заслуживает уникального и осмысленного Title и Description."
"article","SEO","Переспам и тошнота текста: как проверить и не переоптимизировать","perespam-toshnota","https://alex1986-rgb.github.io/textlab-landing/blog/perespam-toshnota.html","Переспам и тошнота текста: как проверить | ТекстЛаб","Что такое тошнота и переспам текста, какие показатели считаются нормой и как проверить текст в Text.ru и Адвего. Баланс между SEO и читаемостью.","Слишком много ключей — и текст вылетает из выдачи вместо того, чтобы расти. Разбираемся, где грань. Что такое тошнота текста. Тошнота — показатель частоты повторов слов. Классическая (квадрат из частоты) и академическая (процент повторов) тошнота показывают, не перегружен ли текст одинаковыми словами. Высокая тошнота = текст тяжело читать и он выглядит спамным. Какие показатели считать нормой. Ориентиры: академическая тошнота 4–9%, заспамленность по Text.ru — в «зелёной» зоне. Это не догма, а коридор. Главный критерий — текст читается естественно и не вызывает ощущения «ключ на ключе». Как проверить. Используйте Text.ru, Адвего SEO-анализ, «Тургенев». Они покажут заспамленность, воду и стоп-слова. Но не подгоняйте текст под идеальные цифры в ущерб смыслу — живой текст важнее формальных метрик."
"article","Маркетплейсы","Как оформить карточку на Wildberries, чтобы она продавала","kak-oformit-kartochku-wb","https://alex1986-rgb.github.io/textlab-landing/blog/kak-oformit-kartochku-wb.html","Как оформить карточку на Wildberries — чек-лист 2026 | ТекстЛаб","Чек-лист оформления карточки на Wildberries: SEO-заголовок, описание на языке выгод, ключи для внутреннего поиска, инфографика. Как поднять конверсию.","На Wildberries покупатель решает за секунды. Разбираем, как оформить карточку, чтобы она и в выдаче была, и в корзину вела. Заголовок и ключи для поиска. Внутренний поиск WB — это ваш главный источник трафика. Соберите запросы, по которым ищут товар, и вставьте важнейшие в заголовок и характеристики. Заголовок должен быть понятным человеку и насыщенным ключами для алгоритма. Описание на языке выгод. Не перечисляйте характеристики — продавайте результат. Что покупатель получит, какую проблему решит, чем товар лучше других. Пишите короткими абзацами и буллетами: описание читают с телефона по диагонали. Выгода, а не свойство; Короткие абзацы и списки; Ответы на частые вопросы покупателей; Отстройка от конкурентов Инфографика, которая продаёт без чтения. Большинство решений принимается по фото и инфографике. Вынесите 4–6 ключевых выгод на слайды: УТП, состав, размер, гарантия. Текст для инфографики должен быть ёмким и читаться за секунду."
"article","Маркетплейсы","SEO внутри Ozon: как попасть в топ выдачи маркетплейса","seo-na-ozon","https://alex1986-rgb.github.io/textlab-landing/blog/seo-na-ozon.html","SEO на Ozon: как попасть в топ выдачи — гайд | ТекстЛаб","Как работает поиск Ozon и что влияет на позиции карточки: ключи, заполненность, контент-рейтинг, продажи. Практические рекомендации для селлеров.","Ozon ранжирует карточки по своим правилам. Понимание этих правил даёт бесплатный трафик внутри площадки. Что влияет на позиции на Ozon. Алгоритм учитывает релевантность (ключи в названии и атрибутах), заполненность карточки, контент-рейтинг, продажи и отзывы. Чем полнее и точнее карточка, тем выше шанс попасть в выдачу по целевым запросам. Контент-рейтинг и атрибуты. Ozon поощряет максимально заполненные карточки: все характеристики, rich-контент, фото, видео. Высокий контент-рейтинг — это и про ранжирование, и про доверие покупателя. Заполняйте все релевантные атрибуты. Текст под поиск и под человека. Соберите запросы через аналитику Ozon и встройте их в название и описание. Но помните: после клика решает убедительность текста и выгод. Баланс ключей и продающей подачи — ключ к конверсии."
"article","Маркетплейсы","Тексты для инфографики карточек: как уместить продажу в один слайд","infografika-teksty","https://alex1986-rgb.github.io/textlab-landing/blog/infografika-teksty.html","Тексты для инфографики карточек — приёмы и примеры | ТекстЛаб","Как писать тексты для инфографики на маркетплейсах: какие выгоды выносить, как формулировать кратко и убедительно. Приёмы, которые повышают конверсию.","Инфографику видят все, описание читают единицы. Поэтому главные смыслы должны быть на слайдах. Что выносить на слайды. Выберите 4–6 главных аргументов: ключевое УТП, состав или материал, размер/комплектацию, гарантию, способ применения. Каждый слайд — одна мысль. Не пытайтесь уместить всё сразу. Как формулировать кратко. Текст на инфографике читают за секунду. Используйте короткие фразы-выгоды: «Держит тепло 12 часов», «Гипоаллергенный состав», «Гарантия 2 года». Глагол + конкретика работает лучше абстрактных «качественно» и «премиально». Первый слайд решает. Главную выгоду или оффер выносите на первый слайд — его видят в выдаче. Он должен мгновенно отвечать на вопрос «почему этот товар, а не соседний»."
"article","Лендинги","Структура продающего лендинга: 9 экранов, которые ведут к заявке","struktura-prodayushchego-lendinga","https://alex1986-rgb.github.io/textlab-landing/blog/struktura-prodayushchego-lendinga.html","Структура продающего лендинга — 9 блоков | ТекстЛаб","Из каких блоков состоит продающий лендинг: первый экран, выгоды, доказательства, отработка возражений, призыв. Логика, которая превращает трафик в заявки.","Хороший лендинг — это срежиссированный путь от «что это?» до «оставляю заявку». Разбираем структуру по экранам. Первый экран: оффер за 5 секунд. На первом экране человек решает, остаться или уйти. Здесь — чёткий заголовок с оффером, подзаголовок с конкретикой и призыв. Посетитель должен сразу понять: что это, для кого и зачем. Тело лендинга: выгоды и доказательства. Дальше раскрывайте ценность: выгоды (а не свойства), как вы решаете проблему, кейсы и цифры, отзывы, гарантии. Чередуйте аргументы и доказательства, чтобы снимать сомнения по мере чтения. Выгоды и результат для клиента; Как это работает / этапы; Кейсы, цифры, отзывы; Отработка ключевых возражений; Гарантии и снятие рисков Финал: призыв и форма. Завершайте сильным призывом и простой формой. Чем меньше полей — тем выше конверсия. Повторите оффер рядом с кнопкой и уберите всё, что отвлекает от целевого действия."
"article","Лендинги","Как сформулировать оффер, от которого сложно отказаться","kak-sformulirovat-ofer","https://alex1986-rgb.github.io/textlab-landing/blog/kak-sformulirovat-ofer.html","Как сформулировать оффер — формула и примеры | ТекстЛаб","Что такое оффер и чем он отличается от слогана. Формула сильного оффера, типичные ошибки и примеры до/после. Как сделать предложение, которое продаёт.","Оффер — это сердце любого продающего текста. Если он слабый, не спасут ни дизайн, ни трафик. Оффер — это конкретное обещание ценности. Оффер отвечает на вопрос «что я получу и почему именно у вас». Это не «качественные услуги», а конкретика: результат, сроки, гарантия, выгода. Чем измеримее обещание, тем сильнее оффер. Формула сильного оффера. Рабочая формула: результат + конкретика + снятие риска. Например: «Лендинг с конверсией от 7% за 7 дней или вернём предоплату». Сравните с расплывчатым «делаем продающие сайты» — разница очевидна. Частые ошибки. Абстракции («индивидуальный подход»), фокус на себе вместо клиента, отсутствие конкретики и доказательств. Сильный оффер всегда про выгоду клиента и всегда подкреплён фактами."
"article","Лендинги","Как отрабатывать возражения клиента прямо в тексте","otrabotka-vozrazhenij","https://alex1986-rgb.github.io/textlab-landing/blog/otrabotka-vozrazhenij.html","Отработка возражений в тексте — приёмы | ТекстЛаб","Как закрывать возражения «дорого», «не уверен», «почему вы» прямо в тексте лендинга или письма. Приёмы и формулировки, которые снимают сомнения.","Каждое невысказанное «но» — это потерянная заявка. Сильный текст отвечает на возражения раньше, чем клиент успел их сформулировать. Сначала — собрать возражения. Выпишите все «но», которые мешают купить: дорого, долго, не доверяю, не уверен, что подойдёт. Источник — общение с клиентами, отзывы, вопросы менеджерам. Нельзя закрыть возражение, о котором вы не знаете. Закрывать фактами, а не уговорами. На каждое возражение — конкретный ответ: «дорого» закрывается ценностью и рассрочкой, «не доверяю» — кейсами и гарантией, «не подойдёт» — примерами и условиями возврата. Доказательства убеждают сильнее прилагательных. Где размещать отработку. Возражения встраивают по ходу текста — там, где они возникают, — а также в отдельный блок FAQ. Так сомнение снимается в момент его появления, и человек движется дальше к заявке."
"article","Лендинги","Призыв к действию: как писать CTA, по которым кликают","prizyv-k-dejstviyu","https://alex1986-rgb.github.io/textlab-landing/blog/prizyv-k-dejstviyu.html","Призыв к действию (CTA): как писать — примеры | ТекстЛаб","Как сформулировать призыв к действию, который повышает конверсию. Глаголы, конкретика, снятие страха клика. Примеры удачных и слабых CTA.","Кнопка «Отправить» теряет заявки. Хороший призыв к действию говорит, что произойдёт после клика, и снимает страх. Глагол + ценность. Сильный CTA начинается с действия и обещает результат: «Получить расчёт за 15 минут», «Забрать чек-лист», «Записаться на бесплатную консультацию». Сравните с безликими «Отправить» или «Подробнее». Снимайте страх клика. Рядом с кнопкой добавьте микротекст, снимающий риск: «Бесплатно и ни к чему не обязывает», «Ответим за 15 минут», «Без спама». Это снижает тревожность и повышает кликабельность. Один экран — одно целевое действие. Не размывайте внимание десятком кнопок. На каждом экране ведите к одному действию. Конкурирующие призывы снижают конверсию: человек, который выбирает, чаще не выбирает ничего."
"article","Контент-маркетинг","Как составить контент-план, который не забросишь через месяц","kontent-plan","https://alex1986-rgb.github.io/textlab-landing/blog/kontent-plan.html","Как составить контент-план — пошагово с примером | ТекстЛаб","Пошаговый разбор: как составить контент-план для блога или соцсетей. Рубрики, баланс контента, частота, инструменты. Шаблон, который реально работает.","Контент-план превращает хаотичный постинг в систему. А система — единственное, что даёт результат в контент-маркетинге. Начните с целей и аудитории. Прежде чем планировать темы, определите: чего вы хотите от контента (трафик, заявки, доверие) и кому пишете. Контент-план без цели превращается в производство постов ради постов. Баланс рубрик. Здоровый контент-план сочетает форматы: продающие, экспертные, вовлекающие и репутационные материалы. Если публиковать только продажи — отпишутся, только развлечения — не купят. Рабочая пропорция подбирается под нишу. Экспертный контент — польза и доверие; Продающий — офферы и кейсы; Вовлекающий — вопросы, опросы, истории; Репутационный — за кулисами, команда, ценности Частота, которую выдержите. Лучше 2 поста в неделю стабильно, чем 7 и выгорание через месяц. Выберите реалистичный ритм и заложите запас тем. Контент-план на 4–8 недель вперёд снимает ежедневный стресс «о чём писать»."
"article","Контент-маркетинг","Tone of voice: как найти и описать голос бренда","tone-of-voice","https://alex1986-rgb.github.io/textlab-landing/blog/tone-of-voice.html","Tone of voice бренда: как найти и описать | ТекстЛаб","Что такое tone of voice, зачем он нужен и как его сформулировать. Как сделать так, чтобы сайт, блог и соцсети звучали как один бренд.","Tone of voice — это характер бренда в словах. Он делает так, что любой текст узнаётся как ваш, кто бы его ни написал. Зачем нужен tone of voice. Когда над контентом работают разные люди, без единого голоса бренд звучит вразнобой. ToV задаёт рамки: как мы обращаемся к аудитории, что себе позволяем, а что — нет. Это экономит время и усиливает узнаваемость. Как его сформулировать. Опишите бренд как личность: дружелюбный или строгий, на «ты» или на «вы», с юмором или без. Зафиксируйте принципы и приведите примеры «так пишем / так не пишем». Это и есть рабочий гайд по голосу. Как внедрить. Соберите короткий документ с примерами и держите его под рукой у всех, кто пишет. Прогоняйте новые тексты через вопрос «звучит ли это как мы?». Со временем голос становится автоматическим."
"article","Контент-маркетинг","Сторителлинг в текстах для бизнеса: как истории продают","storytelling","https://alex1986-rgb.github.io/textlab-landing/blog/storytelling.html","Сторителлинг в бизнес-текстах: приёмы и структура | ТекстЛаб","Как использовать сторителлинг в продающих и контентных текстах. Структура истории, герой, конфликт, трансформация. Примеры для бизнеса.","Факты убеждают разум, истории — сердце. Сторителлинг помогает донести смысл так, чтобы его запомнили и почувствовали. Почему истории работают. Мозг устроен так, что хорошо запоминает истории и плохо — сухие факты. История создаёт эмоцию и контекст, в котором ваш продукт становится решением. Поэтому кейс в формате истории убеждает сильнее списка преимуществ. Структура истории. Классика: герой (клиент), его проблема, путь и трансформация. Покажите «было» — боль и сложность, и «стало» — результат после работы с вами. Конфликт и его разрешение держат внимание. Герой, с которым ассоциирует себя читатель; Понятная проблема и ставки; Путь и препятствия; Результат и трансформация Где применять. Кейсы, посты, страницы «О нас», письма. Даже короткий пост выигрывает от мини-истории во вступлении. Главное — не сочинять, а находить реальные истории клиентов и команды."
"article","Контент-маркетинг","Как писать экспертные статьи, даже если вы не писатель","kak-pisat-ekspertnye-stati","https://alex1986-rgb.github.io/textlab-landing/blog/kak-pisat-ekspertnye-stati.html","Как писать экспертные статьи — пошаговый метод | ТекстЛаб","Метод создания экспертных статей: как собрать фактуру, структурировать материал и писать просто о сложном. Подходит для специалистов без опыта в текстах.","Экспертность — это не красивые слова, а польза и глубина. Хорошую статью может дать любой специалист, если знать метод. Сначала фактура, потом текст. Экспертная статья начинается со сбора материала: ваш опыт, данные, кейсы, ответы на реальные вопросы клиентов. Если писать «из головы» общими словами, получится вода. Глубина рождается из конкретики. Простота — признак мастерства. Сложную тему нужно объяснять просто: короткие предложения, примеры, аналогии. Если читатель не понял — виноват текст, а не читатель. Убирайте жаргон или расшифровывайте его. Структура ведёт читателя. Разбейте статью на логичные блоки, ведите от проблемы к решению. Каждый подзаголовок — мини-обещание. Хорошая структура позволяет и прочитать целиком, и быстро найти нужное по диагонали."
"article","Email","Как построить welcome-цепочку, которая превращает подписчика в клиента","welcome-cepochka","https://alex1986-rgb.github.io/textlab-landing/blog/welcome-cepochka.html","Welcome-цепочка писем: структура и примеры | ТекстЛаб","Что такое welcome-цепочка, из каких писем состоит и как её выстроить. Логика прогрева нового подписчика от знакомства до первой покупки.","Первые письма после подписки — момент максимального интереса. Welcome-цепочка использует его, чтобы превратить подписчика в покупателя. Зачем нужна welcome-серия. Сразу после подписки человек максимально вовлечён — он сам только что проявил интерес. Welcome-цепочка знакомит с брендом, даёт пользу и мягко ведёт к первой покупке, пока интерес горячий. Из чего состоит цепочка. Типовая структура: приветствие и польза, история бренда и ценности, кейсы и социальное доказательство, оффер. Обычно это 4–7 писем с интервалом в 1–3 дня. Письмо 1 — приветствие и обещанная польза; Письмо 2 — о бренде, ценности; Письмо 3 — кейсы, отзывы, доверие; Письмо 4 — оффер и призыв Баланс пользы и продажи. Не продавайте в лоб с первого письма. Сначала дайте ценность, заслужите доверие — и только потом предлагайте. Цепочка, которая только продаёт, быстро отправляется в спам."
"article","Email","Как поднять open rate рассылки: 7 рабочих приёмов","kak-podnyat-open-rate","https://alex1986-rgb.github.io/textlab-landing/blog/kak-podnyat-open-rate.html","Как поднять open rate рассылки — 7 приёмов | ТекстЛаб","Что влияет на открываемость писем и как её повысить: темы, сегментация, регулярность, репутация отправителя. Практические приёмы с примерами.","Письмо, которое не открыли, не продаст ничего. Open rate — первая метрика, за которую стоит бороться. Тема и имя отправителя. Открывают ради темы и доверия к отправителю. Тема должна цеплять любопытством или пользой, имя отправителя — быть узнаваемым. Первая строка-прехедер усиливает или дополняет тему. Сегментация и релевантность. Письмо «для всех» интересно немногим. Сегментируйте базу по интересам и поведению и отправляйте релевантный контент. Релевантность — главный двигатель открываемости после темы. Регулярность и репутация. Стабильная рассылка приучает аудиторию открывать письма, а хорошая репутация отправителя помогает не попадать в спам. Чистите неактивные адреса — они тянут метрики и репутацию вниз."
"article","Email","Как писать темы писем, которые хочется открыть","temy-pisem","https://alex1986-rgb.github.io/textlab-landing/blog/temy-pisem.html","Темы для писем: как писать цепляющие — примеры | ТекстЛаб","Приёмы для тем писем с высокой открываемостью: любопытство, выгода, конкретика, персонализация. Примеры удачных тем и частые ошибки.","Тема письма — это его заголовок и единственный шанс на открытие. Несколько приёмов помогут поднять open rate. Любопытство или выгода. Две главные движущие силы: интрига («Мы чуть не закрыли этот проект») или конкретная польза («3 шаблона писем, которые продают»). Выбирайте под контекст, но всегда обещайте что-то стоящее за открытием. Конкретика и цифры. Числа и конкретика повышают доверие к теме: «За 7 дней», «5 ошибок», «−40% к цене заявки». Размытые темы вроде «Новости компании» открывают редко — в них нет обещания ценности. Чего избегать. Caps Lock, обилие восклицательных знаков, спам-слова («бесплатно!!!», «срочно»), обман в теме. Это бьёт по доставляемости и по доверию. Тема должна соответствовать содержанию письма."
"article","SMM","Как писать продающие посты, которые не выглядят как реклама","kak-pisat-prodayushchie-posty","https://alex1986-rgb.github.io/textlab-landing/blog/kak-pisat-prodayushchie-posty.html","Как писать продающие посты для соцсетей — приёмы | ТекстЛаб","Структура продающего поста, который не отталкивает: цепляющее начало, польза, мягкий оффер, призыв. Приёмы для нативных продаж в соцсетях.","Прямая реклама в ленте раздражает. Продающий пост работает тоньше: даёт ценность и продаёт между делом. Первая строка решает. В ленте видно только начало поста. Первое предложение должно остановить прокрутку: вопрос, неожиданное утверждение, обещание пользы. Если первая строка слабая, остальное не прочитают. Польза перед продажей. Дайте читателю что-то ценное — совет, инсайт, историю — и только потом мягко свяжите это со своим продуктом. Нативная продажа не противопоставляет пользу и оффер, а соединяет их. Призыв без давления. Заканчивайте понятным, но ненавязчивым призывом: «Расскажите в комментариях», «Пишите в личку за деталями», «Ссылка в описании». Дайте простой следующий шаг тем, кто заинтересовался."
"article","SMM","Хук для Reels: как зацепить за первые 3 секунды","huk-dlya-reels","https://alex1986-rgb.github.io/textlab-landing/blog/huk-dlya-reels.html","Хук для Reels: как удержать зрителя — примеры | ТекстЛаб","Что такое хук в коротком видео и как его придумать. Типы хуков, ошибки и примеры первых секунд, которые удерживают зрителя до конца.","В коротких видео всё решают первые секунды. Хук — это то, что заставляет не пролистывать. Что такое хук. Хук — это первая фраза или кадр, которые цепляют внимание и обещают, что досматривать стоит. Алгоритмы коротких видео жёстко завязаны на удержание: если зритель ушёл в первые секунды, ролик не получит охват. Типы рабочих хуков. Проверенные форматы: вопрос-боль («Почему ваши Reels не набирают просмотры?»), обещание результата, интрига, неожиданное утверждение, ошибка («Не делайте так»). Главное — релевантность вашей аудитории. Вопрос-боль аудитории; Обещание конкретного результата; Интрига или неожиданность; Антисовет / частая ошибка Усиление кадром и текстом. Хук работает на трёх уровнях: что говорят, что в кадре, что написано на экране. Сильное видео цепляет всеми тремя сразу. Текст на экране дублирует и усиливает устный хук для тех, кто смотрит без звука."
"article","Копирайтинг","Как писать цепляющие заголовки: формулы и примеры","kak-pisat-zagolovki","https://alex1986-rgb.github.io/textlab-landing/blog/kak-pisat-zagolovki.html","Как писать цепляющие заголовки — формулы | ТекстЛаб","Проверенные формулы заголовков для статей, лендингов и постов. Как заголовок влияет на конверсию и какие приёмы реально работают. Примеры.","Заголовок читают в 5 раз чаще, чем сам текст. Если он не сработал — не сработает ничего. Заголовок обещает ценность. Хороший заголовок отвечает на вопрос «что я получу, если прочитаю». Он конкретен и адресован читателю, а не бренду. Абстрактные «Наши услуги» проигрывают конкретным «Как снизить цену заявки на 40%». Рабочие формулы. Несколько проверенных шаблонов помогают не начинать с нуля. Как [результат] за [срок] без [боли]; [Число] способов / ошибок / приёмов; Почему [проблема] и что с этим делать; [Результат] — даже если [возражение] Тестируйте и сокращайте. Напишите 5–10 вариантов заголовка и выберите сильнейший — первый почти никогда не лучший. Убирайте лишние слова: чем короче и конкретнее, тем сильнее. Для рекламы и писем заголовки стоит A/B-тестировать."
"article","Копирайтинг","Как избавиться от воды в тексте и сделать его сильнее","kak-izbavitsya-ot-vody","https://alex1986-rgb.github.io/textlab-landing/blog/kak-izbavitsya-ot-vody.html","Как убрать воду из текста — приёмы редактуры | ТекстЛаб","Что такое вода в тексте, как её распознать и убрать. Приёмы редактуры, которые делают текст плотнее, понятнее и убедительнее. Примеры до/после.","Вода — это слова, которые можно убрать без потери смысла. Чем её меньше, тем сильнее текст. Откуда берётся вода. Вводные обороты, штампы, канцелярит, повторы, абстракции вроде «качественный подход» — всё это разбавляет смысл. Часто вода появляется от желания «дотянуть объём» или звучать солиднее. Эффект обратный. Приёмы чистки. Уберите слова-паразиты и пустые усилители («очень», «достаточно», «как известно»). Замените абстракции конкретикой. Разбейте длинные предложения. После чистки текст становится короче и сильнее. Уберите вводные и усилители; Конкретика вместо абстракций; Активный залог вместо пассивного; Одна мысль — одно предложение Проверка на воду. Сервисы вроде «Главреда» и Text.ru показывают воду и стоп-слова. Но не гонитесь за идеальным баллом: живой текст важнее формальной чистоты. Цель — ясность, а не нулевая вода любой ценой."
"article","Копирайтинг","ИИ или копирайтер: кому доверить тексты в 2026 году","ai-ili-kopirajter","https://alex1986-rgb.github.io/textlab-landing/blog/ai-ili-kopirajter.html","ИИ или копирайтер: что выбрать для текстов | ТекстЛаб","Честное сравнение нейросетей и копирайтеров: что лучше получается у ИИ, где нужен человек и как их сочетать. Разбор без хайпа и без паники.","Нейросети изменили рынок текстов, но не отменили копирайтеров. Разбираемся, где ИИ помогает, а где без человека не обойтись. Что хорошо получается у ИИ. Нейросети быстро генерируют черновики, структурируют информацию, помогают с ресёрчем и рутиной. Для типовых задач — описаний, вариантов заголовков, набросков — это отличный ускоритель. Где нужен человек. ИИ не знает вашу компанию, не чувствует тонкие смыслы и часто выдаёт правдоподобную, но неточную информацию. Стратегия, оффер, голос бренда, фактическая точность и эмоция — зона человека. Тексты «из коробки» легко узнаются по безликости. Лучшее — в связке. Сильный подход — человек + ИИ: нейросеть ускоряет рутину, копирайтер задаёт смысл, проверяет факты и доводит текст до бренда. Мы используем ИИ как инструмент, но финальный текст всегда авторский и проходит редактуру."